cod_reg;region;cod_prov;provincia;cod_com;comuna;clasf_pnd;pob_2017;bs03;bs04;bs07;bs11;bs12;bs13;bs14;bs16;bs17;bs21;oe01;oe12;oe13;oe15;oe16;sm02;sm06;sm08;sm11;ci01;ci02;ci05;ci06;ci07
1;TARAPACÁ;14;TAMARUGAL;1401;POZO ALMONTE;RURAL;15711;15,29;42,91;65,39;26,07;70,75;36,42;81,51;974,63;2134,10;16,33;41,20;1,12;1,68;70,25;505990,79;1201,22;25,00;NA;NA;0,34;14,90;0,17;0,39;100,00
1;TARAPACÁ;14;TAMARUGAL;1402;CAMIÑA;RURAL;1250;37,76;49,42;291,51;NA;71,84;NA;92,64;578,03;794,80;47,40;97,70;NA;0,00;29,19;NA;NA;6,25;NA;NA;NA;33,96;0,50;1,45;44,44
1;TARAPACÁ;14;TAMARUGAL;1403;COLCHANE;RURAL;1728;53,16;97,26;431,52;NA;26,46;NA;85,63;440,81;3463,48;60,92;79,97;NA;0,00;24,53;NA;NA;0,00;NA;NA;NA;42,19;0,17;0,63;20,00
1;TARAPACÁ;14;TAMARUGAL;1404;HUARA;RURAL;2730;57,82;102,20;175,52;49,07;53,00;18,24;90,89;657,25;1807,43;68,94;79,33;NA;3,29;57,81;NA;1261,57;5,00;NA;NA;0,66;71,31;0,33;0,99;100,00
1;TARAPACÁ;14;TAMARUGAL;1405;PICA;RURAL;9296;24,60;30,43;135,03;47,98;68,77;37,24;81,61;706,66;1018,90;13,01;34,32;1,64;1,64;46,80;378546,76;817,47;66,67;NA;NA;1,81;25,64;0,50;0,66;100,00
2;ANTOFAGASTA;21;ANTOFAGASTA;2102;MEJILLONES;RURAL;13467;6,95;10,01;9,63;18,52;76,45;86,08;75,60;870,25;1872,36;52,21;22,52;1,32;1,32;38,74;504835,18;1767,81;0,00;NA;0,24;NA;19,12;0,67;NA;NA
2;ANTOFAGASTA;21;ANTOFAGASTA;2103;SIERRA GORDA;RURAL;10186;70,05;89,15;92,85;24,69;79,95;90,96;74,91;620,77;9255,08;56,97;28,22;5,64;16,93;36,50;1553008,14;1152,35;25,00;NA;0,24;NA;12,42;0,00;1,13;NA
2;ANTOFAGASTA;21;ANTOFAGASTA;2104;TALTAL;RURAL;13317;18,06;21,37;22,05;22,63;71,54;68,58;84,62;217,30;1072,00;45,75;54,32;0,72;1,45;27,74;840290,10;1132,58;8,33;NA;0,24;NA;4,27;0,50;0,14;NA
2;ANTOFAGASTA;22;EL LOA;2202;OLLAGÜE;RURAL;321;69,23;73,11;172,00;NA;59,71;NA;80,00;0,00;2826,86;70,11;70,16;NA;0,00;36,34;NA;NA;0,00;NA;1,76;NA;60,07;0,33;14,13;100,00
2;ANTOFAGASTA;22;EL LOA;2203;SAN PEDRO DE ATACAMA;RURAL;10996;17,44;20,17;98,50;NA;72,42;NA;80,58;412,18;1667,45;15,40;71,06;0,94;2,81;42,47;201328,59;NA;5,88;NA;1,76;4,40;33,91;0,50;0,47;11,11
2;ANTOFAGASTA;23;TOCOPILLA;2301;TOCOPILLA;RURAL;25186;3,16;4,66;4,92;28,54;87,10;92,70;85,99;467,85;1169,63;59,03;60,42;1,06;1,06;61,58;1671494,94;1767,81;23,81;NA;NA;NA;13,50;0,33;0,11;NA
2;ANTOFAGASTA;23;TOCOPILLA;2302;MARÍA ELENA;RURAL;6457;4,64;4,04;3,66;NA;78,65;NA;74,19;310,05;2037,50;3,76;32,16;1,48;2,95;80,52;453790,94;1541,96;0,00;NA;NA;NA;6,79;0,33;0,59;0,00
3;ATACAMA;31;COPIAPÓ;3102;CALDERA;RURAL;17662;9,35;11,02;82,05;16,94;72,72;79,51;88,83;520,09;2554,56;11,11;68,92;1,02;1,02;43,77;1452637,21;1136,51;5,00;NA;0,29;NA;21,21;0,50;0,25;0,00
3;ATACAMA;31;COPIAPÓ;3103;TIERRA AMARILLA;RURAL;14019;21,89;40,32;59,55;30,54;70,92;55,20;91,58;486,99;1801,86;27,11;23,95;NA;0,70;17,59;NA;1002,02;0,00;NA;0,29;0,07;3,90;0,17;0,14;0,00
3;ATACAMA;32;CHAÑARAL;3201;CHAÑARAL;RURAL;12219;8,09;10,19;10,58;11,72;83,52;82,50;87,94;479,12;1551,45;9,66;50,30;1,52;3,80;25,17;1633872,97;1296,53;10,53;NA;NA;0,23;19,01;0,50;1,22;NA
3;ATACAMA;32;CHAÑARAL;3202;DIEGO DE ALMAGRO;RURAL;13925;7,15;7,93;8,13;14,25;76,66;41,76;76,80;343,67;876,70;49,99;45,90;2,10;2,81;27,49;2576338,51;910,31;14,29;NA;NA;0,07;16,41;0,00;0,14;NA
3;ATACAMA;33;HUASCO;3301;VALLENAR;MIXTA;51917;8,01;10,79;11,28;13,63;83,26;82,52;87,05;559,21;1305,40;10,06;55,13;0,87;1,22;46,84;3672047,38;822,75;7,94;NA;0,24;NA;7,93;0,33;0,09;0,00
3;ATACAMA;33;HUASCO;3302;ALTO DEL CARMEN;RURAL;5299;52,33;75,10;109,98;22,37;67,78;NA;93,37;173,79;643,03;79,42;74,41;NA;3,48;43,00;NA;NA;0,00;NA;0,24;0,17;36,67;0,33;0,35;0,00
3;ATACAMA;33;HUASCO;3303;FREIRINA;RURAL;7041;39,63;53,14;70,64;43,26;68,21;44,42;92,40;555,63;749,45;41,95;75,60;1,29;2,58;29,10;418802,80;1092,13;6,67;NA;0,24;NA;29,20;0,33;0,26;NA
3;ATACAMA;33;HUASCO;3304;HUASCO;RURAL;10149;11,65;20,03;19,32;32,52;75,14;57,66;86,37;457,18;1828,73;16,43;49,89;0,88;2,64;60,49;959820,68;1092,13;11,76;NA;0,24;NA;8,35;0,33;0,44;NA
4;COQUIMBO;41;ELQUI;4103;ANDACOLLO;RURAL;11044;8,33;11,79;13,38;2,70;81,84;75,25;89,81;440,01;1269,25;57,29;61,79;0,85;2,54;38,26;420556,18;798,41;35,00;NA;0,28;0,08;26,99;0,33;0,42;NA
4;COQUIMBO;41;ELQUI;4104;LA HIGUERA;RURAL;4241;65,41;86,98;128,21;47,46;69,70;NA;95,16;513,62;1764,18;78,96;40,39;NA;2,23;48,66;NA;NA;5,88;NA;0,28;NA;39,08;0,33;0,45;NA
4;COQUIMBO;41;ELQUI;4105;PAIGUANO;RURAL;4497;12,22;42,73;46,37;35,84;82,14;10,29;93,03;703,62;1385,93;15,44;82,92;NA;6,40;83,13;NA;798,41;0,00;NA;0,28;NA;20,68;0,17;1,49;NA
4;COQUIMBO;41;ELQUI;4106;VICUÑA;RURAL;27771;15,27;23,05;27,62;12,06;87,84;43,91;90,95;566,86;1403,80;19,22;70,46;0,33;0,67;36,72;430714,82;629,97;0,00;NA;0,28;0,10;11,70;0,50;0,20;NA
4;COQUIMBO;42;CHOAPA;4201;ILLAPEL;RURAL;30848;4,47;12,22;14,23;6,06;81,14;62,68;86,11;234,05;638,32;7,09;66,21;0,91;0,61;51,69;2040132,93;798,41;2,56;NA;0,40;0,12;36,84;0,50;0,15;0,00
4;COQUIMBO;42;CHOAPA;4202;CANELA;RURAL;9093;14,36;40,82;96,97;8,08;52,95;8,29;91,91;240,89;680,77;20,15;66,32;1,05;3,14;41,36;359881,70;798,41;8,70;NA;0,40;NA;9,43;0,17;0,52;NA
4;COQUIMBO;42;CHOAPA;4203;LOS VILOS;RURAL;21382;6,23;19,55;20,80;21,43;77,16;61,79;89,65;498,56;1804,12;18,47;74,13;0,42;1,69;80,17;1066999,88;901,68;4,55;NA;0,40;0,17;11,07;0,33;0,30;0,00
4;COQUIMBO;42;CHOAPA;4204;SALAMANCA;RURAL;29347;4,06;22,61;24,28;17,40;83,85;38,09;84,72;487,07;691,44;17,81;44,82;0,34;1,02;68,13;703548,51;461,52;0,00;NA;0,40;0,10;28,75;0,17;0,20;NA
4;COQUIMBO;43;LIMARÍ;4302;COMBARBALÁ;RURAL;13322;17,92;28,38;35,34;7,34;68,33;34,77;90,76;187,14;496,65;21,65;83,66;0,72;1,44;39,92;599993,40;798,41;0,00;NA;0,30;NA;23,25;0,00;0,29;0,00
4;COQUIMBO;43;LIMARÍ;4303;MONTE PATRIA;RURAL;30751;16,29;38,81;97,27;31,21;83,64;38,85;93,68;389,49;935,38;23,75;80,11;0,31;0,61;45,27;267558,51;686,11;4,00;NA;0,30;0,06;26,50;0,50;0,09;0,00
4;COQUIMBO;43;LIMARÍ;4304;PUNITAQUI;RURAL;10956;15,76;42,35;64,37;7,35;60,54;41,73;93,23;260,78;651,94;28,41;72,77;0,81;3,26;16,87;206441,31;798,41;0,00;NA;0,30;NA;36,51;0,50;0,24;0,00
4;COQUIMBO;43;LIMARÍ;4305;RÍO HURTADO;RURAL;4278;43,97;97,80;123,28;24,66;79,19;NA;94,84;343,96;779,64;97,89;70,60;NA;2,29;34,45;NA;NA;0,00;NA;0,30;NA;36,00;0,00;0,69;0,00
5;VALPARAÍSO;51;VALPARAÍSO;5102;CASABLANCA;MIXTA;26867;11,99;13,41;16,19;1,76;79,40;54,61;86,04;358,64;1360,13;20,94;19,10;1,35;1,02;94,54;2535983,21;933,08;2,50;0,14;0,38;0,34;11,23;0,33;0,34;NA
5;VALPARAÍSO;51;VALPARAÍSO;5103;CONCÓN;MIXTA;42152;3,00;3,63;19,19;5,05;90,85;89,34;82,54;406,22;1437,87;5,64;13,04;1,07;1,50;95,39;2721251,72;933,08;0,00;NA;0,38;NA;9,05;0,83;0,06;NA
5;VALPARAÍSO;51;VALPARAÍSO;5104;JUAN FERNÁNDEZ;RURAL;926;12,96;12,96;NA;NA;81,00;NA;85,89;474,83;949,67;13,19;73,76;NA;9,50;NA;NA;NA;0,00;NA;0,38;NA;30,39;0,33;NA;NA
5;VALPARAÍSO;51;VALPARAÍSO;5105;PUCHUNCAVÍ;MIXTA;18546;7,78;13,18;32,28;9,08;57,49;9,31;91,50;853,32;2658,04;12,30;22,83;0,49;1,96;100,00;172422,47;801,45;3,23;NA;0,38;0,10;NA;0,33;0,20;0,00
5;VALPARAÍSO;51;VALPARAÍSO;5107;QUINTERO;MIXTA;31923;4,52;5,60;8,62;8,38;68,07;57,29;90,10;678,96;2036,88;7,93;70,01;0,81;1,36;100,00;555113,03;801,45;10,34;NA;0,38;0,05;6,98;0,17;0,38;NA
5;VALPARAÍSO;52;ISLA DE PASCUA;5201;ISLA DE PASCUA;RURAL;7750;15,24;15,84;17,66;NA;80,65;0,00;77,74;1077,56;2095,91;NA;97,27;2,37;1,18;33,86;1590511,43;547,62;11,11;NA;NA;5,45;15,28;0,33;0,59;100,00
5;VALPARAÍSO;53;LOS ANDES;5302;CALLE LARGA;MIXTA;14832;11,22;12,82;17,88;17,94;87,86;50,64;87,94;374,91;904,55;12,53;34,43;0,60;0,60;93,02;145144,63;683,14;5,56;NA;0,38;NA;10,89;0,33;0,12;NA
5;VALPARAÍSO;53;LOS ANDES;5303;RINCONADA;RURAL;10207;4,97;6,41;19,79;10,23;89,74;20,46;88,73;418,45;679,98;5,48;NA;NA;0,00;94,32;NA;683,14;0,00;NA;0,38;NA;NA;0,00;NA;NA
5;VALPARAÍSO;53;LOS ANDES;5304;SAN ESTEBAN;MIXTA;18855;8,62;10,75;14,99;13,77;87,17;44,58;91,36;315,01;758,88;10,69;60,43;NA;0,48;92,12;NA;683,14;0,00;0,00;0,38;0,14;5,58;0,50;NA;NA
5;VALPARAÍSO;54;PETORCA;5401;LA LIGUA;MIXTA;35390;5,41;9,14;10,19;11,86;86,31;49,43;89,35;558,53;1082,80;6,58;59,62;1,05;0,79;80,82;3263763,68;995,88;11,76;0,02;NA;0,37;7,35;0,17;0,21;NA
5;VALPARAÍSO;54;PETORCA;5402;CABILDO;MIXTA;19388;9,96;14,89;15,61;3,97;87,31;47,81;88,01;366,88;666,18;17,65;63,69;0,48;0,48;65,97;461553,41;861,36;0,00;0,00;NA;0,77;25,05;0,33;0,14;NA
5;VALPARAÍSO;54;PETORCA;5403;PAPUDO;RURAL;6356;6,14;6,83;25,59;10,93;88,75;33,64;90,52;462,52;1515,15;4,62;24,13;NA;3,19;92,79;NA;801,45;0,00;NA;NA;NA;21,05;0,33;1,12;NA
5;VALPARAÍSO;54;PETORCA;5404;PETORCA;RURAL;9826;12,20;16,75;19,32;16,67;84,03;18,26;92,17;349,39;443,81;20,06;51,17;0,94;1,89;60,61;159760,52;772,25;3,45;NA;NA;0,85;34,18;0,17;0,76;100,00
5;VALPARAÍSO;54;PETORCA;5405;ZAPALLAR;RURAL;7339;6,35;11,95;33,09;8,59;76,61;17,82;83,15;580,25;1888,89;12,76;6,87;1,23;3,70;90,16;NA;801,45;7,69;0,16;NA;NA;18,02;0,33;0,25;NA
5;VALPARAÍSO;55;QUILLOTA;5503;HIJUELAS;MIXTA;17988;4,23;7,96;10,01;10,36;83,30;24,50;93,03;317,41;947,03;6,21;49,54;0,52;1,04;88,23;123405,91;683,14;0,00;0,05;NA;NA;5,41;0,33;0,10;NA
5;VALPARAÍSO;55;QUILLOTA;5504;LA CRUZ;MIXTA;22098;3,35;4,14;12,68;4,13;90,38;60,79;87,52;380,65;484,47;4,27;43,58;NA;0,77;93,46;NA;683,14;0,00;NA;NA;NA;9,23;0,33;0,08;NA
5;VALPARAÍSO;55;QUILLOTA;5506;NOGALES;RURAL;22120;3,84;4,20;12,22;12,22;87,21;28,61;90,09;258,92;819,22;4,09;54,53;0,85;1,27;87,95;206328,80;683,14;19,23;NA;NA;0,08;11,42;0,33;0,17;NA
5;VALPARAÍSO;56;SAN ANTONIO;5602;ALGARROBO;MIXTA;13817;6,00;8,71;34,18;6,92;63,89;61,76;84,74;615,44;2610,78;6,35;17,53;0,65;1,94;87,80;242017,23;1783,80;6,67;NA;NA;0,06;NA;0,17;0,45;NA
5;VALPARAÍSO;56;SAN ANTONIO;5603;CARTAGENA;MIXTA;22738;3,45;3,74;11,96;11,18;80,71;48,10;91,69;701,14;2572,15;3,85;73,98;0,39;1,16;88,59;182448,42;894,61;27,59;NA;NA;0,12;15,26;0,67;0,19;NA
5;VALPARAÍSO;56;SAN ANTONIO;5604;EL QUISCO;MIXTA;15955;4,02;5,91;32,85;4,33;79,04;45,07;88,09;559,37;3023,93;4,36;81,68;0,55;2,22;100,00;415579,28;1630,30;11,76;NA;NA;NA;27,08;0,50;0,28;NA
5;VALPARAÍSO;56;SAN ANTONIO;5605;EL TABO;MIXTA;13286;4,74;7,08;22,69;10,33;60,79;28,54;94,85;973,47;3681,36;5,02;83,67;0,69;1,37;86,41;271855,99;1262,46;0,00;NA;NA;0,34;8,71;0,50;0,55;NA
5;VALPARAÍSO;56;SAN ANTONIO;5606;SANTO DOMINGO;RURAL;10900;8,49;10,24;23,38;12,20;60,19;52,11;76,47;288,64;964,87;11,46;7,64;NA;1,65;91,10;NA;726,92;26,32;0,04;NA;0,33;11,79;0,33;0,33;NA
5;VALPARAÍSO;57;SAN FELIPE DE ACONCAGUA;5702;CATEMU;RURAL;13998;7,48;11,50;23,23;15,14;90,30;26,53;92,27;332,03;1015,63;10,20;68,85;0,65;1,30;93,58;NA;683,14;13,64;0,03;0,46;NA;NA;0,50;0,07;NA
5;VALPARAÍSO;57;SAN FELIPE DE ACONCAGUA;5703;LLAILLAY;MIXTA;24608;5,18;7,55;7,98;7,74;91,13;62,34;89,85;332,59;919,28;9,73;59,54;0,37;1,12;96,00;512236,03;683,14;13,89;NA;0,46;0,04;10,91;0,17;0,07;NA
5;VALPARAÍSO;57;SAN FELIPE DE ACONCAGUA;5704;PANQUEHUE;RURAL;7273;5,10;11,76;20,56;10,29;77,52;NA;93,07;532,88;935,79;9,25;53,81;NA;1,30;96,68;NA;NA;18,75;NA;0,46;0,13;21,19;0,50;0,26;NA
5;VALPARAÍSO;57;SAN FELIPE DE ACONCAGUA;5705;PUTAENDO;MIXTA;16754;20,46;24,18;25,82;14,23;89,53;27,33;90,95;613,46;607,83;22,19;72,91;0,56;1,13;93,82;358782,43;683,14;7,14;NA;0,46;0,28;NA;0,33;0,06;NA
5;VALPARAÍSO;57;SAN FELIPE DE ACONCAGUA;5706;SANTA MARÍA;MIXTA;15241;4,66;5,90;13,56;11,64;89,86;15,25;91,12;574,40;562,31;4,87;51,67;0,60;1,21;87,15;227233,40;683,14;5,00;0,24;0,46;NA;16,08;0,33;0,18;NA
5;VALPARAÍSO;58;MARGA MARGA;5802;LIMACHE;MIXTA;46121;3,49;4,34;8,20;5,58;85,85;63,06;84,39;360,83;1032,93;7,56;55,71;0,59;0,40;86,20;2581284,53;683,14;6,35;NA;NA;NA;12,33;0,33;0,08;NA
5;VALPARAÍSO;58;MARGA MARGA;5803;OLMUÉ;RURAL;17516;5,97;9,95;20,61;15,32;68,33;NA;90,80;317,38;1034,04;7,85;50,15;0,51;1,54;62,58;163625,17;NA;4,35;NA;NA;0,15;30,10;0,17;0,05;NA
6;LIBERTADOR GENERAL BERNARDO O'HIGGINS;61;CACHAPOAL;6102;CODEGUA;MIXTA;12988;6,68;9,73;15,76;20,87;89,65;28,09;93,56;386,05;1298,52;9,55;55,60;NA;1,40;82,79;NA;562,75;46,67;NA;0,51;0,42;7,65;0,33;0,21;NA
6;LIBERTADOR GENERAL BERNARDO O'HIGGINS;61;CACHAPOAL;6103;COINCO;RURAL;7359;7,57;10,06;9,98;30,07;87,69;5,40;90,89;342,16;684,32;12,79;66,34;NA;2,53;91,14;NA;562,75;11,11;NA;0,51;NA;17,36;0,33;0,25;NA
6;LIBERTADOR GENERAL BERNARDO O'HIGGINS;61;CACHAPOAL;6104;COLTAUCO;MIXTA;19597;4,74;10,94;21,02;31,81;89,50;11,75;90,70;367,32;720,70;5,35;73,12;0,46;0,93;93,62;214809,06;562,75;0,00;0,03;0,51;0,05;21,57;0,50;0,14;NA
6;LIBERTADOR GENERAL BERNARDO O'HIGGINS;61;CACHAPOAL;6105;DOÑIHUE;MIXTA;20887;3,56;4,25;13,04;18,91;91,21;44,56;86,62;483,37;1027,70;4,67;60,38;0,44;1,31;95,27;559124,41;562,75;14,29;0,05;0,51;NA;14,37;0,33;0,04;NA
6;LIBERTADOR GENERAL BERNARDO O'HIGGINS;61;CACHAPOAL;6106;GRANEROS;MIXTA;33437;2,43;3,33;4,79;15,06;93,19;77,80;88,44;394,89;1603,92;11,52;59,00;0,27;0,54;95,85;524104,27;588,03;4,76;NA;0,51;0,03;20,96;0,50;0,11;NA
6;LIBERTADOR GENERAL BERNARDO O'HIGGINS;61;CACHAPOAL;6107;LAS CABRAS;RURAL;24640;10,47;20,07;32,07;36,37;86,44;28,00;88,87;595,55;891,47;12,80;31,48;0,37;1,85;80,65;348453,71;562,75;5,00;0,57;0,51;0,78;10,65;0,33;0,07;NA
6;LIBERTADOR GENERAL BERNARDO O'HIGGINS;61;CACHAPOAL;6109;MALLOA;RURAL;13407;5,53;9,79;13,34;13,70;92,61;25,72;95,20;492,51;1055,37;5,48;58,12;0,70;2,11;89,39;214035,13;562,75;12,50;0,14;0,51;0,07;11,61;0,33;0,07;NA
6;LIBERTADOR GENERAL BERNARDO O'HIGGINS;61;CACHAPOAL;6110;MOSTAZAL;MIXTA;25343;7,27;9,38;18,06;19,61;87,04;52,97;91,60;392,58;2459,93;8,93;35,86;0,36;0,36;93,77;197887,38;562,75;27,59;0,07;0,51;0,11;7,13;0,33;0,25;NA
6;LIBERTADOR GENERAL BERNARDO O'HIGGINS;61;CACHAPOAL;6111;OLIVAR;MIXTA;13608;3,08;4,13;7,81;17,60;94,50;13,57;90,90;325,73;936,48;2,71;49,92;0,68;2,71;93,37;212047,96;540,63;14,29;NA;0,51;NA;9,91;0,17;0,34;NA
6;LIBERTADOR GENERAL BERNARDO O'HIGGINS;61;CACHAPOAL;6112;PEUMO;MIXTA;14313;5,01;6,51;7,93;18,53;93,27;NA;90,56;366,98;660,57;12,35;56,23;0,67;1,33;85,64;541781,18;562,75;21,05;NA;0,51;NA;19,02;0,17;0,13;NA
6;LIBERTADOR GENERAL BERNARDO O'HIGGINS;61;CACHAPOAL;6113;PICHIDEGUA;RURAL;19714;7,34;13,17;14,01;39,37;93,98;19,71;92,72;417,17;460,32;11,14;64,77;0,48;0,96;86,27;218929,59;562,75;13,79;0,74;0,51;0,82;7,43;0,33;0,19;NA
6;LIBERTADOR GENERAL BERNARDO O'HIGGINS;61;CACHAPOAL;6114;QUINTA DE TILCOCO;MIXTA;13002;7,44;9,57;22,63;19,66;94,62;NA;91,71;357,27;564,49;8,33;60,23;0,71;1,43;90,56;237631,64;562,75;14,29;NA;0,51;NA;14,79;0,33;0,36;NA
6;LIBERTADOR GENERAL BERNARDO O'HIGGINS;61;CACHAPOAL;6116;REQUÍNOA;MIXTA;27968;5,65;8,36;16,54;16,24;93,59;32,45;87,53;308,95;1008,16;6,71;32,85;0,33;0,98;90,63;208613,12;562,75;6,06;0,11;0,51;NA;21,95;0,33;0,10;NA
6;LIBERTADOR GENERAL BERNARDO O'HIGGINS;61;CACHAPOAL;6117;SAN VICENTE;MIXTA;46766;5,82;8,59;11,47;20,64;92,61;NA;86,90;499,02;720,16;8,21;54,30;0,59;0,98;92,28;2394407,73;562,75;1,61;0,47;0,51;0,02;9,86;0,17;0,08;NA
6;LIBERTADOR GENERAL BERNARDO O'HIGGINS;62;CARDENAL CARO;6201;PICHILEMU;RURAL;16394;4,61;8,93;9,61;15,36;79,82;34,38;87,53;634,10;1450,15;26,79;72,78;0,55;2,76;35,92;637704,69;562,75;5,56;0,00;NA;0,77;25,92;0,17;0,55;NA
6;LIBERTADOR GENERAL BERNARDO O'HIGGINS;62;CARDENAL CARO;6202;LA ESTRELLA;RURAL;3041;18,06;31,50;31,24;15,58;72,60;NA;87,19;513,97;1220,69;20,85;46,46;NA;3,21;56,05;NA;NA;12,50;0,84;NA;0,32;17,03;0,33;1,28;NA
6;LIBERTADOR GENERAL BERNARDO O'HIGGINS;62;CARDENAL CARO;6203;LITUECHE;RURAL;6294;11,96;15,73;15,17;8,22;70,09;NA;91,80;777,13;1686,22;19,72;47,87;1,47;4,40;43,01;289201,27;NA;5,56;0,17;NA;4,99;10,70;0,67;0,29;NA
6;LIBERTADOR GENERAL BERNARDO O'HIGGINS;62;CARDENAL CARO;6204;MARCHIHUE;RURAL;7308;8,55;13,87;13,81;17,13;86,02;NA;91,06;457,16;666,14;12,98;32,14;NA;2,61;65,96;NA;NA;11,76;0,22;NA;2,61;22,34;0,17;0,78;NA
6;LIBERTADOR GENERAL BERNARDO O'HIGGINS;62;CARDENAL CARO;6205;NAVIDAD;RURAL;6641;12,38;34,31;32,57;34,89;74,49;0,00;89,66;574,05;961,54;14,34;89,52;1,44;4,31;27,42;151860,37;562,75;4,00;0,05;NA;NA;18,94;0,33;1,44;NA
6;LIBERTADOR GENERAL BERNARDO O'HIGGINS;62;CARDENAL CARO;6206;PAREDONES;RURAL;6188;11,42;20,93;40,80;28,50;70,40;NA;96,37;189,42;615,63;13,17;83,99;1,58;4,74;40,57;119314,42;NA;0,00;0,02;NA;7,10;48,62;0,00;0,79;NA
6;LIBERTADOR GENERAL BERNARDO O'HIGGINS;63;COLCHAGUA;6302;CHÉPICA;MIXTA;15037;7,49;13,20;26,51;19,02;89,18;18,01;94,60;468,66;424,92;11,67;71,78;0,62;1,87;73,61;248562,49;562,75;0,00;0,58;0,59;0,06;10,37;0,17;0,31;NA
6;LIBERTADOR GENERAL BERNARDO O'HIGGINS;63;COLCHAGUA;6303;CHIMBARONGO;RURAL;35399;4,98;8,09;14,15;25,52;92,19;30,89;92,16;437,59;1120,34;15,78;60,82;0,26;1,05;70,93;292616,82;562,75;7,69;0,42;0,59;0,11;9,86;0,17;0,11;NA
6;LIBERTADOR GENERAL BERNARDO O'HIGGINS;63;COLCHAGUA;6304;LOLOL;RURAL;6811;13,57;19,49;18,17;19,30;73,94;14,54;94,03;394,77;517,29;19,21;65,62;NA;2,72;60,66;NA;562,75;4,55;1,49;0,59;1,91;13,07;0,33;0,27;NA
6;LIBERTADOR GENERAL BERNARDO O'HIGGINS;63;COLCHAGUA;6305;NANCAGUA;MIXTA;17833;3,44;5,48;16,75;21,93;93,05;34,80;91,79;1030,61;818,27;7,26;47,78;0,52;1,55;81,32;364294,09;562,75;17,39;0,42;0,59;0,21;19,52;0,50;0,16;NA
6;LIBERTADOR GENERAL BERNARDO O'HIGGINS;63;COLCHAGUA;6306;PALMILLA;RURAL;12482;7,96;12,42;18,57;14,02;94,22;14,59;94,24;425,82;567,76;9,27;44,83;NA;0,75;92,13;NA;562,75;35,00;NA;0,59;0,52;14,64;0,33;0,97;NA
6;LIBERTADOR GENERAL BERNARDO O'HIGGINS;63;COLCHAGUA;6307;PERALILLO;RURAL;11007;5,36;10,90;22,29;12,30;87,29;38,02;92,65;560,86;652,94;6,78;56,76;0,84;2,51;75,15;885512,37;562,75;10,00;0,35;0,59;0,25;13,73;0,33;0,59;NA
6;LIBERTADOR GENERAL BERNARDO O'HIGGINS;63;COLCHAGUA;6308;PLACILLA;RURAL;8738;5,47;7,61;18,40;31,73;92,56;15,31;93,10;663,12;739,21;6,57;62,15;1,09;1,09;81,81;NA;562,75;6,67;0,02;0,59;0,43;18,15;0,33;0,54;NA
6;LIBERTADOR GENERAL BERNARDO O'HIGGINS;63;COLCHAGUA;6309;PUMANQUE;RURAL;3421;23,91;39,90;41,51;8,92;72,42;NA;92,33;396,38;962,63;26,02;65,51;NA;2,83;62,98;NA;NA;0,00;0,34;0,59;3,11;28,31;0,00;0,28;NA
6;LIBERTADOR GENERAL BERNARDO O'HIGGINS;63;COLCHAGUA;6310;SANTA CRUZ;MIXTA;37855;5,27;7,59;8,67;14,76;91,65;44,88;88,00;544,43;1023,83;7,44;44,08;1,20;0,96;68,16;5183924,24;562,75;0,00;0,62;0,59;0,05;17,90;0,33;0,17;NA
7;MAULE;71;TALCA;7102;CONSTITUCIÓN;MIXTA;46068;12,13;14,14;21,70;25,83;80,48;62,07;91,70;320,93;818,16;12,26;65,59;0,99;1,19;30,07;2339272,76;755,96;2,99;0,01;0,76;0,04;8,74;0,00;0,02;NA
7;MAULE;71;TALCA;7103;CUREPTO;RURAL;9448;14,08;18,85;19,31;47,74;69,37;27,13;92,75;363,52;641,51;40,77;71,16;1,07;1,07;25,68;722711,60;755,96;0,00;0,02;0,76;NA;20,85;0,17;0,86;0,00
7;MAULE;71;TALCA;7104;EMPEDRADO;RURAL;4142;11,06;12,86;44,68;52,58;64,86;41,35;92,59;262,15;452,81;10,96;80,74;NA;4,77;17,43;NA;755,96;27,27;0,01;0,76;NA;15,73;0,50;0,71;NA
7;MAULE;71;TALCA;7105;MAULE;MIXTA;49721;4,46;6,07;13,08;26,87;89,65;NA;87,03;392,67;786,93;6,79;62,34;NA;0,32;86,14;NA;513,23;0,00;NA;0,76;NA;8,05;0,00;0,05;0,00
7;MAULE;71;TALCA;7106;PELARCO;RURAL;8422;6,47;10,67;28,31;50,85;76,96;18,42;95,05;556,10;643,33;7,78;20,53;1,09;1,09;60,19;57541,41;755,96;0,00;NA;0,76;NA;23,12;0,50;0,65;NA
7;MAULE;71;TALCA;7107;PENCAHUE;RURAL;8245;15,91;23,18;34,80;53,69;57,92;NA;95,71;325,05;684,93;18,18;45,07;NA;2,32;25,09;NA;NA;0,00;0,03;0,76;NA;NA;0,17;0,23;NA
7;MAULE;71;TALCA;7108;RÍO CLARO;RURAL;13906;9,97;15,21;32,01;70,61;82,32;NA;95,03;363,42;834,51;12,15;25,78;0,67;1,35;74,87;288215,56;NA;0,00;0,03;0,76;NA;30,08;0,17;0,13;NA
7;MAULE;71;TALCA;7109;SAN CLEMENTE;RURAL;43269;9,17;18,25;38,20;49,38;85,54;29,83;93,58;489,83;772,18;14,38;59,92;0,21;0,43;61,11;190413,42;755,96;8,11;0,16;0,76;0,04;NA;0,17;NA;0,00
7;MAULE;71;TALCA;7110;SAN RAFAEL;RURAL;9191;5,75;16,46;19,42;27,86;76,34;41,90;93,30;486,21;1488,39;6,18;60,25;0,99;1,98;84,77;307349,25;755,96;6,67;NA;0,76;NA;14,69;0,17;0,10;NA
7;MAULE;72;CAUQUENES;7201;CAUQUENES;RURAL;40441;9,50;14,64;23,73;25,11;78,49;NA;90,88;323,14;872,26;12,04;68,94;0,68;0,45;33,73;1847700,59;514,75;3,85;0,06;NA;0,47;15,95;0,00;0,07;0,00
7;MAULE;72;CAUQUENES;7202;CHANCO;RURAL;8928;9,39;17,90;19,14;34,64;53,40;33,18;93,42;343,38;729,69;14,94;78,08;1,07;2,15;36,00;467125,56;755,96;3,33;0,00;NA;NA;34,87;0,33;0,64;0,00
7;MAULE;72;CAUQUENES;7203;PELLUHUE;RURAL;7571;6,40;14,38;55,93;43,65;63,77;NA;92,83;439,72;1477,95;7,95;83,24;1,22;2,44;44,43;456688,97;755,96;0,00;0,01;NA;0,24;24,43;0,33;0,12;NA
7;MAULE;73;CURICÓ;7302;HUALAÑÉ;RURAL;9657;8,47;13,15;13,55;18,49;77,34;NA;93,16;430,02;517,98;22,28;50,15;0,98;2,93;58,92;72608,03;755,96;0,00;0,17;0,62;NA;13,58;0,00;0,39;NA
7;MAULE;73;CURICÓ;7303;LICANTÉN;RURAL;6653;11,64;22,70;22,86;21,41;76,32;NA;87,81;343,20;843,70;25,29;71,02;1,43;2,86;73,85;772171,84;755,96;0,00;NA;0,62;3,15;14,01;0,17;0,43;NA
7;MAULE;73;CURICÓ;7304;MOLINA;MIXTA;45976;4,65;7,11;12,05;26,07;92,39;57,59;91,50;698,23;1001,73;10,58;63,33;0,40;1,19;66,81;607579,10;635,36;2,94;0,08;0,62;NA;9,60;0,17;0,08;NA
7;MAULE;73;CURICÓ;7305;RAUCO;RURAL;10484;7,38;18,76;24,00;29,05;83,86;25,76;96,54;509,49;852,07;9,80;50,85;NA;0,88;67,49;NA;755,96;5,88;0,78;0,62;0,26;14,58;0,17;0,35;NA
7;MAULE;73;CURICÓ;7306;ROMERAL;MIXTA;15187;9,60;14,05;23,14;36,05;84,72;31,32;93,76;445,94;1331,70;13,18;36,21;NA;0,61;33,00;NA;755,96;4,17;0,12;0,62;0,31;25,53;0,17;0,24;NA
7;MAULE;73;CURICÓ;7307;SAGRADA FAMILIA;RURAL;18544;8,40;15,13;26,07;33,63;87,32;11,94;93,21;475,56;818,16;11,15;42,37;0,51;0,51;69,81;219209,48;434,29;3,57;0,51;0,62;0,15;19,53;0,00;0,05;NA
7;MAULE;73;CURICÓ;7308;TENO;RURAL;28921;6,15;12,95;14,24;28,78;84,37;16,92;92,35;446,49;1088,91;15,27;49,65;0,32;0,96;70,15;160825,96;755,96;5,45;0,07;0,62;NA;17,99;0,50;0,13;NA
7;MAULE;73;CURICÓ;7309;VICHUQUÉN;RURAL;4322;15,04;27,34;43,88;40,97;61,37;NA;92,60;274,91;756,01;17,93;34,72;NA;2,29;30,30;NA;NA;33,33;0,03;0,62;2,75;29,10;0,17;2,52;0,00
7;MAULE;74;LINARES;7402;COLBÚN;RURAL;20765;9,17;16,15;34,39;25,32;87,68;NA;95,35;473,41;819,71;11,34;49,45;0,44;1,32;56,87;187018,08;NA;0,00;0,01;0,75;1,49;9,60;0,17;0,26;NA
7;MAULE;74;LINARES;7403;LONGAVÍ;RURAL;30534;11,05;17,54;35,45;31,91;78,79;18,08;95,74;698,92;953,07;13,80;73,13;0,30;0,61;62,12;116705,76;755,96;4,92;0,19;0,75;NA;43,18;0,33;0,12;50,00
7;MAULE;74;LINARES;7404;PARRAL;MIXTA;41637;5,29;8,31;12,85;16,04;82,64;NA;89,24;423,69;1596,65;6,46;61,93;0,67;0,45;41,68;2196762,25;514,75;1,64;0,07;0,75;0,02;7,51;0,17;0,25;NA
7;MAULE;74;LINARES;7405;RETIRO;RURAL;19974;6,47;13,10;23,19;17,67;71,81;20,13;96,50;339,72;858,73;7,64;66,34;0,47;0,94;32,87;116151,41;755,96;0,00;NA;0,75;NA;10,52;0,33;0,05;NA
7;MAULE;74;LINARES;7406;SAN JAVIER;MIXTA;45547;6,93;11,64;16,71;26,27;81,26;54,30;90,57;590,07;1052,13;8,90;62,48;0,60;0,60;35,38;1745693,01;755,96;5,00;0,07;0,75;0,02;5,98;0,17;0,08;NA
7;MAULE;74;LINARES;7407;VILLA ALEGRE;MIXTA;16221;5,29;8,70;16,58;25,14;84,95;45,55;96,66;560,72;1161,08;4,49;69,19;0,57;2,27;77,83;546229,82;755,96;0,00;NA;0,75;NA;12,35;0,17;0,23;NA
7;MAULE;74;LINARES;7408;YERBAS BUENAS;RURAL;18081;5,68;9,02;22,43;22,38;88,45;9,55;95,65;578,33;712,59;5,65;61,25;0,52;0,52;62,96;83832,38;755,96;4,55;NA;0,75;0,05;13,32;0,33;0,10;NA
8;BIOBÍO;81;CONCEPCIÓN;8104;FLORIDA;RURAL;10624;13,41;19,85;20,56;31,42;40,16;26,28;93,73;337,41;1324,34;20,89;79,78;0,84;1,69;42,34;218281,56;655,07;7,89;0,01;0,65;1,43;9,28;0,17;NA;NA
8;BIOBÍO;81;CONCEPCIÓN;8105;HUALQUI;MIXTA;24333;8,33;15,93;24,49;25,22;82,26;57,92;94,19;466,51;1099,90;9,83;76,49;0,38;1,14;32,94;128450,91;655,07;15,91;0,01;0,65;NA;22,26;0,50;NA;0,00
8;BIOBÍO;81;CONCEPCIÓN;8106;LOTA;MIXTA;43535;1,83;2,77;4,28;15,41;93,88;NA;90,94;391,93;1160,45;3,42;78,82;0,22;0,66;59,46;515782,69;523,17;10,91;NA;0,65;0,42;NA;0,17;0,15;NA
8;BIOBÍO;81;CONCEPCIÓN;8107;PENCO;MIXTA;47367;2,87;4,90;5,93;11,41;95,32;87,69;90,46;468,23;1180,59;3,55;59,63;0,20;0,60;58,58;346228,53;523,17;23,08;NA;0,65;0,02;6,30;0,33;0,04;0,00
8;BIOBÍO;81;CONCEPCIÓN;8109;SANTA JUANA;MIXTA;13749;7,19;13,06;12,65;20,50;64,10;56,65;93,41;438,63;1322,63;16,71;77,47;0,67;1,35;43,86;308084,75;655,07;2,50;0,01;0,65;NA;47,24;0,00;0,20;NA
8;BIOBÍO;82;ARAUCO;8201;LEBU;MIXTA;25522;3,79;6,21;11,65;15,09;86,41;73,69;90,60;342,82;1050,58;4,47;79,33;0,37;1,11;18,94;462363,83;655,07;17,39;NA;0,82;NA;36,38;0,17;NA;76,92
8;BIOBÍO;82;ARAUCO;8202;ARAUCO;RURAL;36257;7,00;11,15;17,83;18,52;80,33;43,83;88,53;536,51;1454,77;15,23;63,06;0,52;1,55;35,46;1070528,54;655,07;24,66;NA;0,82;1,21;34,31;0,67;0,08;15,38
8;BIOBÍO;82;ARAUCO;8203;CAÑETE;RURAL;34537;6,14;15,98;20,00;38,01;72,25;44,38;92,10;379,65;1483,62;24,48;78,13;0,54;0,54;29,20;1557934,23;655,07;27,78;0,06;0,82;0,43;31,72;0,00;0,05;81,82
8;BIOBÍO;82;ARAUCO;8204;CONTULMO;RURAL;6031;12,80;25,40;25,96;67,65;57,41;32,83;94,14;331,23;1182,97;40,42;84,31;NA;3,15;15,03;NA;655,07;3,45;0,03;0,82;NA;26,97;0,00;0,63;54,55
8;BIOBÍO;82;ARAUCO;8205;CURANILAHUE;MIXTA;32288;5,78;8,60;9,56;16,88;92,86;73,32;90,46;424,52;1249,96;8,61;71,51;0,29;0,59;26,50;460464,47;502,40;34,15;0,02;0,82;NA;14,86;0,17;0,21;0,00
8;BIOBÍO;82;ARAUCO;8206;LOS ÁLAMOS;RURAL;21035;5,39;7,33;36,82;17,60;89,82;52,04;94,01;547,53;1099,48;5,81;75,10;0,44;1,77;34,71;169168,93;655,07;5,71;0,01;0,82;NA;11,52;0,17;0,09;66,67
8;BIOBÍO;82;ARAUCO;8207;TIRÚA;RURAL;10417;4,80;23,18;176,58;120,87;49,70;NA;96,98;425,49;1276,48;7,20;88,65;0,91;0,91;25,41;321462,59;NA;0,00;0,15;0,82;4,35;13,31;0,33;0,09;94,12
8;BIOBÍO;83;BIOBÍO;8302;ANTUCO;RURAL;4073;14,27;16,45;63,77;10,79;76,97;NA;90,60;997,22;974,03;14,94;74,50;NA;4,64;31,91;NA;NA;0,00;0,05;0,71;NA;22,96;0,00;0,46;NA
8;BIOBÍO;83;BIOBÍO;8303;CABRERO;RURAL;28573;4,36;5,05;30,49;14,43;81,19;66,63;91,00;509,05;1115,36;5,41;67,72;0,65;1,30;62,49;814093,82;589,12;11,90;NA;0,71;NA;2,08;0,00;0,06;NA
8;BIOBÍO;83;BIOBÍO;8304;LAJA;MIXTA;22389;6,04;9,46;13,86;16,14;75,98;63,24;87,96;598,43;1016,91;8,90;67,11;0,84;1,26;50,27;750505,43;655,07;42,11;NA;0,71;NA;9,12;0,17;0,08;NA
8;BIOBÍO;83;BIOBÍO;8305;MULCHÉN;MIXTA;29627;8,88;12,79;13,53;23,43;78,39;74,94;93,29;363,60;1367,53;12,56;66,50;0,32;0,64;26,34;566788,90;655,07;12,68;0,02;0,71;NA;21,08;0,17;NA;25,00
8;BIOBÍO;83;BIOBÍO;8306;NACIMIENTO;MIXTA;26315;8,03;11,62;13,09;28,39;82,44;68,21;87,79;375,25;1068,58;8,78;60,42;0,36;1,07;36,93;591262,05;523,17;13,95;0,37;0,71;NA;11,83;0,33;0,36;NA
8;BIOBÍO;83;BIOBÍO;8307;NEGRETE;RURAL;9737;6,50;9,65;26,02;15,27;72,07;46,18;95,61;611,04;907,01;6,39;66,08;0,95;1,91;68,83;292512,23;655,07;26,67;NA;0,71;NA;13,65;0,17;0,10;NA
8;BIOBÍO;83;BIOBÍO;8308;QUILACO;RURAL;3988;15,76;20,92;29,74;27,64;62,32;35,74;96,61;621,12;1122,79;16,66;76,84;NA;2,39;31,77;NA;655,07;7,14;0,04;0,71;NA;17,68;0,17;0,72;0,00
8;BIOBÍO;83;BIOBÍO;8309;QUILLECO;RURAL;9587;8,48;11,98;41,64;25,35;64,01;13,00;94,16;538,76;468,92;11,04;75,46;NA;2,00;32,95;NA;655,07;0,00;0,08;0,71;NA;21,55;0,33;NA;0,00
8;BIOBÍO;83;BIOBÍO;8310;SAN ROSENDO;RURAL;3412;6,91;7,31;9,60;7,32;74,94;51,23;91,61;528,51;1084,84;7,25;88,05;NA;2,78;23,09;NA;655,07;0,00;NA;0,71;NA;16,69;0,17;0,56;0,00
8;BIOBÍO;83;BIOBÍO;8311;SANTA BÁRBARA;RURAL;13773;10,88;19,98;22,90;15,76;71,20;43,31;93,97;382,91;813,68;17,97;63,91;0,68;1,37;32,98;660013,57;655,07;6,98;0,42;0,71;NA;38,15;0,00;0,27;66,67
8;BIOBÍO;83;BIOBÍO;8312;TUCAPEL;RURAL;14134;5,70;7,82;15,86;22,36;81,68;59,13;93,28;510,71;851,18;5,81;64,10;0,65;2,62;36,83;252938,18;655,07;6,06;0,12;0,71;NA;39,61;0,33;0,39;NA
8;BIOBÍO;83;BIOBÍO;8313;YUMBEL;MIXTA;21198;8,53;12,31;17,51;16,08;68,99;52,55;90,34;437,77;1390,02;10,08;77,28;0,45;1,81;35,96;479199,45;655,07;8,33;NA;0,71;NA;13,27;0,33;NA;NA
8;BIOBÍO;83;BIOBÍO;8314;ALTO BIOBÍO;RURAL;5923;29,68;27,97;76,78;20,60;26,03;NA;97,99;854,32;780,67;28,40;70,39;1,47;2,95;14,56;226568,48;NA;0,00;0,03;0,71;NA;6,63;0,00;0,59;50,00
9;LA ARAUCANÍA;91;CAUTÍN;9102;CARAHUE;RURAL;24533;9,53;22,55;24,10;49,43;61,71;31,02;94,75;548,91;846,89;12,95;84,17;0,39;1,57;23,80;441826,62;544,57;1,96;0,24;0,73;1,65;17,88;0,17;0,16;65,12
9;LA ARAUCANÍA;91;CAUTÍN;9103;CUNCO;RURAL;17526;14,55;20,44;75,89;28,89;59,47;16,69;94,48;575,70;963,19;19,20;67,73;0,55;1,66;22,60;489954,97;544,57;3,51;0,07;0,73;NA;32,83;0,00;0,17;85,71
9;LA ARAUCANÍA;91;CAUTÍN;9104;CURARREHUE;RURAL;7489;6,65;21,81;135,10;43,50;34,90;NA;95,46;677,23;958,34;8,70;86,46;1,28;1,28;29,40;443071,39;NA;0,00;0,31;0,73;NA;20,44;0,67;NA;83,33
9;LA ARAUCANÍA;91;CAUTÍN;9105;FREIRE;RURAL;24606;8,94;15,39;37,60;24,77;48,94;16,43;96,28;529,99;895,10;12,32;75,85;0,39;0,39;41,08;164549,62;461,70;0,00;NA;0,73;NA;24,54;0,33;0,12;93,33
9;LA ARAUCANÍA;91;CAUTÍN;9106;GALVARINO;RURAL;11996;8,00;14,31;16,54;33,08;35,11;24,43;96,81;507,01;657,53;15,42;82,48;0,79;1,58;15,24;192673,96;609,75;0,00;0,01;0,73;NA;NA;0,33;0,16;83,33
9;LA ARAUCANÍA;91;CAUTÍN;9107;GORBEA;MIXTA;14414;5,69;8,90;13,36;17,55;69,45;48,07;93,64;720,09;872,04;14,68;75,75;0,66;0,66;37,13;551652,48;609,75;28,57;0,02;0,73;NA;17,31;0,17;NA;40,00
9;LA ARAUCANÍA;91;CAUTÍN;9108;LAUTARO;MIXTA;38013;5,00;10,49;13,66;123,86;71,61;45,44;92,42;640,45;891,27;6,90;47,49;0,49;0,97;49,99;766181,10;470,62;10,00;0,13;0,73;NA;20,94;0,00;0,05;93,55
9;LA ARAUCANÍA;91;CAUTÍN;9109;LONCOCHE;MIXTA;23612;7,25;12,82;15,29;28,72;69,67;59,31;93,31;545,10;1150,77;20,39;74,17;0,40;0,81;31,88;381444,65;609,75;13,73;0,21;0,73;NA;15,42;0,17;0,04;72,22
9;LA ARAUCANÍA;91;CAUTÍN;9110;MELIPEUCO;RURAL;6138;10,73;38,10;97,93;41,70;61,37;NA;95,25;668,47;779,88;11,78;87,37;NA;1,59;34,63;NA;NA;20,83;0,05;0,73;NA;65,73;0,17;NA;54,55
9;LA ARAUCANÍA;91;CAUTÍN;9111;NUEVA IMPERIAL;MIXTA;32510;7,39;11,92;15,90;28,76;71,27;28,41;94,50;778,81;1082,66;8,52;80,14;0,30;0,89;23,13;395025,55;544,57;7,08;0,05;0,73;0,03;44,31;0,33;0,15;93,62
9;LA ARAUCANÍA;91;CAUTÍN;9112;PADRE LAS CASAS;MIXTA;76126;4,95;7,68;17,42;18,94;69,65;49,03;94,54;557,77;746,91;6,44;64,61;0,12;0,24;46,43;90902,95;544,57;13,43;NA;0,73;0,04;26,99;0,50;0,04;80,60
9;LA ARAUCANÍA;91;CAUTÍN;9113;PERQUENCO;RURAL;6905;6,59;9,07;25,72;15,88;69,69;NA;96,69;441,93;814,80;8,95;82,32;NA;1,38;43,29;NA;NA;0,00;NA;0,73;NA;25,69;0,00;0,14;75,00
9;LA ARAUCANÍA;91;CAUTÍN;9114;PITRUFQUÉN;MIXTA;24837;5,70;7,65;11,76;21,52;74,33;39,28;91,26;704,90;1013,53;7,15;75,88;0,38;0,76;36,70;515750,78;544,57;9,23;0,01;0,73;NA;31,59;0,50;0,08;73,33
9;LA ARAUCANÍA;91;CAUTÍN;9115;PUCÓN;RURAL;28523;5,89;13,10;19,03;30,95;61,15;26,86;88,44;569,01;1301,08;7,23;20,51;1,33;2,00;32,56;2355061,65;434,14;31,25;0,15;0,73;NA;20,30;0,33;0,13;68,75
9;LA ARAUCANÍA;91;CAUTÍN;9116;SAAVEDRA;RURAL;12450;8,89;17,92;17,16;42,59;35,37;9,89;96,78;517,08;712,94;13,86;89,85;0,78;1,57;29,98;352404,45;544,57;0,00;0,00;0,73;NA;52,96;0,50;0,31;93,10
9;LA ARAUCANÍA;91;CAUTÍN;9117;TEODORO SCHMIDT;RURAL;15045;7,10;13,43;27,56;36,25;48,60;NA;95,61;506,84;677,90;8,65;86,96;0,63;1,27;20,08;277762,23;NA;0,00;0,00;0,73;NA;13,81;0,33;0,19;74,29
9;LA ARAUCANÍA;91;CAUTÍN;9118;TOLTÉN;RURAL;9722;8,15;17,89;21,50;50,45;50,00;20,07;95,09;747,98;947,44;10,15;85,30;1,00;1,00;16,24;803503,97;609,75;4,76;0,04;0,73;NA;48,47;0,00;NA;62,50
9;LA ARAUCANÍA;91;CAUTÍN;9119;VILCÚN;RURAL;28151;7,65;13,19;19,93;25,72;62,64;33,12;93,63;684,62;707,02;12,23;70,73;0,32;0,96;24,17;147370,46;544,57;7,35;0,11;0,73;NA;11,07;0,17;0,03;95,00
9;LA ARAUCANÍA;91;CAUTÍN;9120;VILLARRICA;MIXTA;55478;7,18;10,66;35,02;24,71;64,36;46,71;89,80;748,90;1296,30;8,97;40,31;1,18;1,34;33,20;3437458,27;434,14;19,47;0,21;0,73;NA;9,52;0,17;0,03;52,63
9;LA ARAUCANÍA;91;CAUTÍN;9121;CHOLCHOL;RURAL;11611;9,69;14,80;37,39;23,32;51,92;24,61;96,53;804,70;933,45;12,38;75,91;0,80;0,80;27,98;226358,21;544,57;1,82;0,01;0,73;0,72;19,96;0,50;0,24;93,55
9;LA ARAUCANÍA;92;MALLECO;9202;COLLIPULLI;RURAL;24598;8,07;13,69;15,24;42,77;75,97;68,05;93,31;475,81;1309,43;12,95;61,76;0,38;0,76;35,47;389451,56;609,75;27,45;0,14;0,74;NA;11,00;0,67;0,08;84,62
9;LA ARAUCANÍA;92;MALLECO;9203;CURACAUTÍN;MIXTA;17413;6,65;12,07;12,59;30,76;74,36;55,74;91,84;692,46;923,28;14,90;75,42;0,55;1,10;29,20;704599,61;609,75;7,89;0,09;0,74;NA;45,28;0,00;0,11;60,00
9;LA ARAUCANÍA;92;MALLECO;9204;ERCILLA;RURAL;7733;8,66;11,94;19,73;68,79;58,75;22,35;97,24;580,16;1562,87;8,89;78,12;NA;1,18;20,13;NA;609,75;3,85;NA;0,74;NA;26,40;0,33;0,24;72,73
9;LA ARAUCANÍA;92;MALLECO;9205;LONQUIMAY;RURAL;10251;12,67;33,87;32,95;53,23;38,83;20,77;95,24;722,61;596,15;18,04;85,05;0,90;1,81;21,38;313757,01;609,75;0,00;0,05;0,74;NA;69,10;0,33;0,36;88,24
9;LA ARAUCANÍA;92;MALLECO;9206;LOS SAUCES;RURAL;7265;14,79;24,84;38,99;26,67;60,62;56,54;96,85;412,78;1517,98;16,68;75,62;NA;1,33;21,51;NA;609,75;6,45;0,07;0,74;NA;21,97;0,33;NA;60,00
9;LA ARAUCANÍA;92;MALLECO;9207;LUMACO;RURAL;9548;14,85;25,49;43,58;50,94;48,01;8,49;96,93;329,51;888,67;16,30;82,75;1,00;3,00;16,54;296189,19;544,57;0,00;NA;0,74;NA;34,95;0,17;NA;100,00
9;LA ARAUCANÍA;92;MALLECO;9208;PURÉN;RURAL;11779;5,98;8,48;9,75;16,28;75,28;33,74;93,55;394,51;994,49;18,32;82,09;0,82;1,64;17,95;621948,04;609,75;2,13;0,02;0,74;NA;19,64;0,33;0,25;73,33
9;LA ARAUCANÍA;92;MALLECO;9209;RENAICO;MIXTA;10250;3,07;5,64;24,55;14,28;83,19;50,22;94,21;679,90;1424,11;4,29;69,30;NA;0,92;34,78;NA;609,75;0,00;NA;0,74;NA;16,81;0,67;0,09;0,00
9;LA ARAUCANÍA;92;MALLECO;9210;TRAIGUÉN;MIXTA;18843;6,84;10,10;11,16;36,69;74,34;67,36;92,50;434,90;1392,70;25,23;76,04;1,55;1,04;14,32;1748784,48;544,57;9,80;0,00;0,74;NA;16,77;0,17;0,10;57,14
9;LA ARAUCANÍA;92;MALLECO;9211;VICTORIA;MIXTA;34182;8,40;13,43;15,66;20,51;75,23;63,69;89,53;551,93;1661,41;9,66;65,77;1,13;0,56;32,83;3972949,41;544,57;5,48;0,22;0,74;NA;15,52;0,17;0,06;84,21
10;LOS LAGOS;101;LLANQUIHUE;10102;CALBUCO;MIXTA;33985;5,45;10,55;21,35;17,79;65,85;29,33;88,87;770,33;664,92;7,06;61,74;0,27;1,08;37,42;408920,16;831,73;3,61;0,01;0,84;3,57;21,14;0,00;0,14;90,32
10;LOS LAGOS;101;LLANQUIHUE;10103;COCHAMÓ;RURAL;4023;31,21;30,23;122,53;35,23;33,68;NA;91,18;526,18;726,63;30,98;NA;NA;5,01;12,42;NA;NA;0,00;0,00;0,84;NA;64,65;0,17;NA;0,00
10;LOS LAGOS;101;LLANQUIHUE;10104;FRESIA;RURAL;12261;10,72;19,96;20,62;29,52;67,33;40,99;92,91;664,66;791,26;20,80;68,65;0,79;1,58;26,75;534049,39;831,73;2,86;0,03;0,84;0,08;9,73;0,33;0,08;22,22
10;LOS LAGOS;101;LLANQUIHUE;10105;FRUTILLAR;RURAL;18428;7,58;12,21;15,05;15,24;68,94;61,91;91,85;515,03;917,25;13,63;40,49;0,98;1,96;54,69;1765338,72;685,16;10,81;0,00;0,84;0,05;7,16;0,33;0,20;63,64
10;LOS LAGOS;101;LLANQUIHUE;10106;LOS MUERMOS;RURAL;17068;8,97;19,64;51,01;25,48;46,40;25,39;91,11;471,17;443,12;12,63;68,00;0,56;2,24;18,03;254355,88;831,73;1,56;0,02;0,84;NA;32,42;0,33;0,22;8,33
10;LOS LAGOS;101;LLANQUIHUE;10107;LLANQUIHUE;RURAL;17591;6,35;10,26;12,50;14,26;80,24;67,94;90,54;631,22;1059,16;7,70;52,11;1,60;1,07;56,00;1773927,00;685,16;10,00;0,00;0,84;0,05;17,28;0,17;0,21;75,00
10;LOS LAGOS;101;LLANQUIHUE;10108;MAULLÍN;RURAL;14216;7,04;14,93;26,16;20,11;65,68;10,09;92,71;511,47;619,15;15,13;78,52;0,67;2,02;38,35;504924,38;831,73;1,56;0,00;0,84;0,13;25,78;0,33;0,27;9,52
10;LOS LAGOS;101;LLANQUIHUE;10109;PUERTO VARAS;MIXTA;44578;6,33;10,05;16,20;18,34;69,43;52,09;87,56;470,28;1279,09;10,47;14,68;1,01;1,82;59,66;7607285,80;685,16;15,25;0,00;0,84;0,02;9,10;0,33;0,26;0,00
10;LOS LAGOS;102;CHILOÉ;10201;CASTRO;MIXTA;43807;2,75;6,35;8,91;11,46;75,57;58,47;81,59;525,72;1157,84;3,39;66,94;1,04;1,25;28,85;5229063,16;537,85;7,78;0,01;NA;0,54;20,13;0,17;0,06;65,00
10;LOS LAGOS;102;CHILOÉ;10202;ANCUD;MIXTA;38991;4,82;13,63;16,32;15,78;71,43;58,87;89,75;651,86;760,11;7,38;67,27;0,71;1,65;25,72;2446278,75;685,16;6,98;0,02;NA;0,21;80,41;0,17;0,07;76,92
10;LOS LAGOS;102;CHILOÉ;10203;CHONCHI;RURAL;14858;6,52;26,47;37,27;17,67;54,25;24,93;91,43;459,86;565,50;8,17;59,81;0,62;1,86;32,37;221112,30;831,73;4,35;0,01;NA;0,12;15,72;0,33;0,12;77,78
10;LOS LAGOS;102;CHILOÉ;10204;CURACO DE VÉLEZ;RURAL;3829;3,18;7,33;34,71;12,22;52,12;NA;91,91;367,11;293,69;4,84;89,19;NA;4,89;50,67;NA;NA;0,00;NA;NA;1,22;26,19;0,17;0,24;100,00
10;LOS LAGOS;102;CHILOÉ;10205;DALCAHUE;RURAL;13762;6,86;22,86;46,91;12,40;58,68;31,57;91,39;408,49;540,26;8,03;69,60;0,66;1,98;28,93;330511,18;537,85;16,67;0,01;NA;0,53;17,85;0,17;0,26;69,23
10;LOS LAGOS;102;CHILOÉ;10206;PUQUELDÓN;RURAL;3921;5,60;NA;NA;19,64;45,44;NA;89,50;309,60;238,15;8,73;85,94;NA;2,38;26,77;NA;NA;0,00;0,00;NA;NA;30,72;0,33;0,71;50,00
10;LOS LAGOS;102;CHILOÉ;10207;QUEILÉN;RURAL;5385;7,94;26,57;26,91;22,08;42,89;NA;91,73;504,78;450,69;27,90;88,11;NA;1,80;32,21;NA;NA;4,55;0,13;NA;0,18;20,19;0,00;0,36;100,00
10;LOS LAGOS;102;CHILOÉ;10208;QUELLÓN;MIXTA;27192;4,34;9,95;10,84;13,53;62,95;46,09;88,87;589,07;1049,50;6,62;63,97;1,02;1,02;36,81;1449954,11;831,73;7,32;0,01;NA;0,34;9,82;0,33;0,07;87,50
10;LOS LAGOS;102;CHILOÉ;10209;QUEMCHI;RURAL;8352;8,62;28,47;116,18;19,99;41,47;NA;90,86;307,55;330,33;12,11;87,05;1,14;4,56;21,09;209024,24;NA;5,56;0,01;NA;NA;12,19;0,17;0,46;100,00
10;LOS LAGOS;102;CHILOÉ;10210;QUINCHAO;RURAL;8088;4,50;6,20;6,87;11,52;54,62;23,88;86,66;411,03;507,74;19,37;81,01;1,21;2,42;52,78;811011,60;831,73;6,67;NA;NA;2,66;31,91;0,33;0,48;93,33
10;LOS LAGOS;103;OSORNO;10302;PUERTO OCTAY;RURAL;8999;10,96;26,61;25,94;19,13;45,13;NA;94,04;545,91;698,77;21,89;54,46;1,09;2,18;31,21;305733,11;NA;2,78;0,01;0,83;NA;29,37;0,17;0,22;62,50
10;LOS LAGOS;103;OSORNO;10303;PURRANQUE;RURAL;20369;9,13;17,91;19,13;15,35;72,92;57,78;91,98;531,81;963,91;11,41;56,40;1,42;1,42;32,27;2189370,48;831,73;3,64;0,08;0,83;NA;14,91;0,33;NA;83,33
10;LOS LAGOS;103;OSORNO;10304;PUYEHUE;RURAL;11667;15,22;22,27;57,11;18,92;53,83;NA;93,55;652,54;686,44;17,97;NA;0,85;2,54;43,37;524890,89;NA;5,88;0,00;0,83;NA;39,49;0,50;0,42;100,00
10;LOS LAGOS;103;OSORNO;10305;RÍO NEGRO;RURAL;14085;11,44;17,92;19,13;17,19;65,20;37,01;95,20;520,06;920,66;15,59;61,09;0,70;2,11;32,66;596349,36;831,73;0,00;0,01;0,83;NA;21,08;0,50;0,28;66,67
10;LOS LAGOS;103;OSORNO;10306;SAN JUAN DE LA COSTA;RURAL;7512;22,01;35,10;45,92;26,13;15,91;NA;97,56;724,64;1251,65;24,28;83,74;NA;1,32;15,90;NA;NA;0,00;0,10;0,83;NA;63,77;0,33;0,92;82,61
10;LOS LAGOS;103;OSORNO;10307;SAN PABLO;RURAL;10030;9,76;19,47;28,67;29,48;51,37;40,57;95,93;521,03;757,86;15,37;58,82;0,95;1,89;30,27;104757,26;831,73;0,00;0,00;0,83;NA;14,49;0,33;0,38;70,00
10;LOS LAGOS;104;PALENA;10401;CHAITÉN;RURAL;5071;12,11;23,79;23,56;30,78;43,57;22,32;84,89;238,43;377,51;52,55;75,62;1,99;3,97;48,67;312427,96;831,73;10,71;0,00;NA;0,20;54,04;0,00;0,99;0,00
10;LOS LAGOS;104;PALENA;10402;FUTALEUFÚ;RURAL;2623;9,63;16,20;16,19;25,91;61,45;31,54;82,69;246,91;740,74;20,36;85,83;3,53;3,53;13,07;1539930,92;685,16;0,00;0,01;NA;NA;29,28;0,50;0,71;100,00
10;LOS LAGOS;104;PALENA;10403;HUALAIHUÉ;RURAL;8944;13,63;37,16;131,41;32,50;66,19;NA;92,43;911,38;733,29;15,66;78,17;1,05;1,05;37,33;100679,35;NA;2,78;NA;NA;1,89;24,41;0,33;0,31;55,00
10;LOS LAGOS;104;PALENA;10404;PALENA;RURAL;1711;6,71;8,01;8,29;15,16;62,39;NA;87,04;383,35;602,41;14,15;86,39;5,48;5,48;11,27;916442,66;NA;0,00;0,00;NA;NA;30,67;0,17;2,19;0,00
11;AYSÉN DEL GENERAL CARLOS IBÁÑEZ DEL CAMPO;111;COYHAIQUE;11102;LAGO VERDE;RURAL;852;32,74;250,88;327,48;25,68;59,28;NA;94,20;435,26;544,07;76,18;79,37;NA;10,88;16,81;NA;NA;87,50;0,01;0,92;1,09;20,67;0,33;9,79;50,00
11;AYSÉN DEL GENERAL CARLOS IBÁÑEZ DEL CAMPO;112;AYSÉN;11201;AYSÉN;RURAL;23959;116,74;119,41;128,31;13,88;81,35;NA;86,04;661,75;1056,41;118,71;67,37;1,59;1,99;25,19;3548012,99;739,84;50,00;0,00;NA;0,76;9,17;0,50;0,28;66,67
11;AYSÉN DEL GENERAL CARLOS IBÁÑEZ DEL CAMPO;112;AYSÉN;11202;CISNES;RURAL;6517;84,40;105,81;160,47;30,69;72,42;NA;89,10;598,80;958,08;79,40;71,74;1,71;8,55;36,00;618944,25;739,84;113,33;0,00;NA;1,03;31,99;0,33;1,54;50,00
11;AYSÉN DEL GENERAL CARLOS IBÁÑEZ DEL CAMPO;112;AYSÉN;11203;GUAITECAS;RURAL;1843;2,45;4,68;NA;NA;87,84;NA;86,83;311,72;623,44;5,08;67,24;NA;6,23;0,00;NA;NA;33,33;NA;NA;6,86;22,44;0,17;0,62;0,00
11;AYSÉN DEL GENERAL CARLOS IBÁÑEZ DEL CAMPO;113;CAPITÁN PRAT;11301;COCHRANE;RURAL;3490;15,50;16,89;17,13;24,99;67,77;NA;83,93;755,94;1457,88;42,86;82,86;2,70;2,70;0,16;1814117,16;739,84;40,00;0,00;NA;2,97;52,11;0,17;1,89;NA
11;AYSÉN DEL GENERAL CARLOS IBÁÑEZ DEL CAMPO;113;CAPITÁN PRAT;11302;O'HIGGINS;RURAL;625;68,53;68,53;NA;NA;63,25;NA;85,71;300,75;902,26;64,73;88,22;NA;15,04;0,26;NA;NA;100,00;0,00;NA;NA;19,55;0,83;4,51;NA
11;AYSÉN DEL GENERAL CARLOS IBÁÑEZ DEL CAMPO;113;CAPITÁN PRAT;11303;TORTEL;RURAL;523;40,45;92,59;104,94;NA;56,34;NA;84,93;347,22;694,44;39,82;93,55;NA;17,36;0,00;NA;NA;50,00;0,00;NA;15,63;34,72;0,83;3,47;NA
11;AYSÉN DEL GENERAL CARLOS IBÁÑEZ DEL CAMPO;114;GENERAL CARRERA;11401;CHILE CHICO;RURAL;4865;10,35;19,65;19,88;12,64;74,80;NA;84,76;544,96;1089,92;44,41;84,83;1,95;3,89;2,74;1334652,05;739,84;88,89;0,01;NA;0,58;15,76;0,33;0,39;0,00
11;AYSÉN DEL GENERAL CARLOS IBÁÑEZ DEL CAMPO;114;GENERAL CARRERA;11402;RÍO IBÁÑEZ;RURAL;2666;37,50;102,53;154,87;26,96;61,10;21,90;90,79;443,62;961,18;45,78;85,85;NA;11,09;20,42;NA;1230,12;70,00;0,02;NA;3,33;89,46;0,50;0,37;0,00
12;MAGALLANES Y DE LA ANTÁRTICA CHILENA;121;MAGALLANES;12102;LAGUNA BLANCA;RURAL;274;105,11;112,75;114,03;NA;31,45;NA;93,75;0,00;1544,40;108,58;NA;NA;0,00;46,81;NA;NA;0,00;NA;0,90;NA;30,89;0,50;11,58;0,00
12;MAGALLANES Y DE LA ANTÁRTICA CHILENA;121;MAGALLANES;12103;RÍO VERDE;RURAL;617;79,25;197,11;197,20;NA;0,81;NA;72,73;0,00;0,00;185,46;63,21;NA;0,00;0,00;NA;NA;0,00;NA;0,90;NA;28,30;0,33;4,72;0,00
12;MAGALLANES Y DE LA ANTÁRTICA CHILENA;121;MAGALLANES;12104;SAN GREGORIO;RURAL;799;117,21;194,34;194,59;NA;25,24;NA;82,35;148,37;296,74;117,52;75,54;NA;14,84;26,13;NA;NA;0,00;NA;0,90;NA;10,39;0,50;2,97;0,00
12;MAGALLANES Y DE LA ANTÁRTICA CHILENA;122;ANTÁRTICA CHILENA;12201;CABO DE HORNOS;RURAL;2063;7,17;7,17;6,93;5,77;79,82;NA;66,84;504,29;605,14;NA;87,77;NA;5,04;6,15;NA;NA;40,00;0,00;NA;13,11;35,80;0,50;2,02;0,00
12;MAGALLANES Y DE LA ANTÁRTICA CHILENA;123;TIERRA DEL FUEGO;12301;PORVENIR;RURAL;6801;57,52;132,25;131,28;8,13;84,29;78,08;77,24;471,63;875,89;207,69;58,94;1,35;4,04;22,27;1349188,32;699,70;0,00;0,03;NA;NA;3,77;0,33;0,40;0,00
12;MAGALLANES Y DE LA ANTÁRTICA CHILENA;123;TIERRA DEL FUEGO;12302;PRIMAVERA;RURAL;1158;75,42;292,88;291,02;NA;32,90;NA;73,91;0,00;725,69;250,29;79,10;NA;14,51;40,04;NA;NA;0,00;NA;NA;NA;5,81;0,67;NA;NA
12;MAGALLANES Y DE LA ANTÁRTICA CHILENA;123;TIERRA DEL FUEGO;12303;TIMAUKEL;RURAL;405;98,77;562,31;558,49;NA;28,85;NA;81,25;0,00;355,87;204,60;90,67;NA;0,00;0,00;NA;NA;0,00;0,06;NA;NA;10,68;0,17;NA;0,00
12;MAGALLANES Y DE LA ANTÁRTICA CHILENA;124;ÚLTIMA ESPERANZA;12401;NATALES;RURAL;21477;8,95;9,40;11,67;4,39;84,51;85,42;82,41;461,65;673,76;10,69;52,97;1,66;1,25;36,62;4816755,74;832,65;13,79;0,00;NA;0,25;31,23;0,17;0,33;0,00
12;MAGALLANES Y DE LA ANTÁRTICA CHILENA;124;ÚLTIMA ESPERANZA;12402;TORRES DEL PAINE;RURAL;1209;91,01;128,05;129,92;21,87;7,18;NA;77,42;0,00;480,77;98,81;69,94;NA;9,62;18,71;NA;NA;0,00;NA;NA;NA;15,38;0,50;2,88;0,00
13;METROPOLITANA DE SANTIAGO;132;CORDILLERA;13202;PIRQUE;RURAL;26521;8,17;10,16;59,33;19,73;76,89;NA;88,45;359,74;616,69;8,83;14,36;0,64;0,96;89,55;1101669,55;436,77;11,11;NA;0,39;0,45;5,30;0,50;0,10;NA
13;METROPOLITANA DE SANTIAGO;132;CORDILLERA;13203;SAN JOSÉ DE MAIPO;RURAL;18189;9,36;14,59;15,78;18,27;64,95;NA;83,42;539,20;1728,60;26,69;39,36;1,06;0,53;97,72;831096,98;346,29;18,75;0,00;0,39;NA;NA;0,17;0,05;NA
13;METROPOLITANA DE SANTIAGO;133;CHACABUCO;13303;TILTIL;RURAL;19312;8,41;10,99;16,98;20,21;73,58;26,17;81,74;348,90;1198,18;11,66;35,56;0,46;2,30;92,97;193455,89;647,83;6,67;0,03;NA;0,05;9,14;0,50;0,14;NA
13;METROPOLITANA DE SANTIAGO;134;MAIPO;13403;CALERA DE TANGO;MIXTA;25392;5,70;6,01;17,24;29,60;79,62;NA;89,93;427,31;1323,27;7,87;16,63;0,34;1,38;100,00;323255,94;376,45;13,64;NA;NA;0,03;NA;0,50;0,03;NA
13;METROPOLITANA DE SANTIAGO;134;MAIPO;13404;PAINE;MIXTA;72759;4,97;6,85;16,73;20,03;84,04;NA;85,53;444,42;1033,43;5,53;28,90;0,24;0,47;100,00;329115,06;376,45;30,43;0,01;NA;0,14;10,45;0,50;0,04;NA
13;METROPOLITANA DE SANTIAGO;135;MELIPILLA;13502;ALHUÉ;RURAL;6444;8,23;8,74;68,40;20,04;81,99;NA;78,43;490,98;716,56;7,45;NA;NA;1,33;89,38;NA;NA;0,00;0,06;NA;0,53;NA;0,17;0,27;NA
13;METROPOLITANA DE SANTIAGO;135;MELIPILLA;13503;CURACAVÍ;MIXTA;32579;7,04;9,70;11,67;22,77;77,33;NA;87,40;467,68;1338,16;7,66;39,06;0,27;1,35;97,00;500282,55;346,29;3,13;NA;NA;NA;6,84;0,83;0,11;NA
13;METROPOLITANA DE SANTIAGO;135;MELIPILLA;13504;MARÍA PINTO;RURAL;13590;11,20;20,89;32,57;25,46;89,84;NA;92,50;449,38;898,76;11,55;33,55;0,66;0,66;100,00;48475,94;NA;13,33;0,04;NA;NA;41,17;0,50;0,13;NA
13;METROPOLITANA DE SANTIAGO;135;MELIPILLA;13505;SAN PEDRO;RURAL;9726;28,19;37,88;50,07;26,11;47,11;NA;88,86;511,05;1335,31;22,20;62,59;0,82;0,82;99,93;558803,44;NA;7,69;0,15;NA;1,81;8,98;0,33;0,08;NA
13;METROPOLITANA DE SANTIAGO;136;TALAGANTE;13602;EL MONTE;MIXTA;35923;5,97;6,71;15,88;22,53;87,08;NA;91,46;763,17;864,11;6,98;40,07;0,25;0,49;100,00;281399,13;346,29;29,73;NA;NA;NA;3,03;0,50;0,02;NA
13;METROPOLITANA DE SANTIAGO;136;TALAGANTE;13603;ISLA DE MAIPO;MIXTA;36219;5,99;7,42;16,91;30,26;81,24;NA;86,76;546,53;715,63;6,57;44,93;0,49;0,74;98,99;537394,69;391,53;10,00;NA;NA;NA;12,01;0,50;0,07;NA
14;LOS RÍOS;141;VALDIVIA;14102;CORRAL;RURAL;5302;16,20;19,10;19,36;24,76;65,06;7,28;91,38;587,70;863,18;71,81;80,49;NA;1,84;25,16;NA;831,73;5,26;0,01;0,92;NA;43,34;0,00;0,18;28,57
14;LOS RÍOS;141;VALDIVIA;14103;LANCO;MIXTA;16752;5,29;7,12;12,13;21,83;70,44;46,30;94,49;394,10;703,75;19,04;75,28;0,56;2,25;59,12;528626,25;831,73;4,55;0,42;0,92;NA;30,80;0,33;0,28;76,92
14;LOS RÍOS;141;VALDIVIA;14104;LOS LAGOS;RURAL;19634;9,13;19,78;20,93;23,26;58,72;36,67;91,40;477,42;1086,37;15,30;60,08;0,49;1,46;44,40;492696,67;831,73;4,29;0,02;0,92;NA;6,67;0,33;0,24;0,00
14;LOS RÍOS;141;VALDIVIA;14105;MÁFIL;MIXTA;7095;8,40;12,20;20,90;19,97;59,42;43,60;94,51;405,95;1745,60;10,57;71,64;NA;2,71;46,34;NA;831,73;0,00;0,17;0,92;NA;5,28;0,33;0,81;50,00
14;LOS RÍOS;141;VALDIVIA;14106;MARIQUINA;RURAL;21278;8,12;13,67;15,84;21,57;70,52;33,97;93,44;353,82;1466,45;12,16;65,65;0,43;0,85;37,41;513864,28;831,73;2,50;0,03;0,92;NA;18,03;0,33;NA;75,00
14;LOS RÍOS;141;VALDIVIA;14107;PAILLACO;RURAL;20188;7,29;12,22;15,59;12,76;69,89;48,97;92,24;599,58;772,26;10,58;64,25;0,48;1,92;48,88;532971,88;831,73;15,38;0,09;0,92;NA;22,83;0,00;0,14;25,00
14;LOS RÍOS;141;VALDIVIA;14108;PANGUIPULLI;RURAL;34539;6,97;15,36;27,09;20,53;53,68;27,30;92,85;670,88;978,60;13,08;62,70;0,83;1,11;50,57;1275018,96;831,73;6,48;0,05;0,92;NA;36,34;0,17;0,25;95,56
14;LOS RÍOS;142;RANCO;14201;LA UNIÓN;RURAL;38036;24,40;27,10;28,78;11,15;72,94;54,47;92,07;502,61;734,98;24,99;59,16;1,01;1,01;36,88;3578038,81;685,16;8,16;0,10;NA;NA;4,80;0,50;0,23;77,78
14;LOS RÍOS;142;RANCO;14202;FUTRONO;RURAL;14665;9,60;20,21;76,42;25,62;68,27;30,34;94,25;681,92;976,99;11,71;57,61;0,66;2,62;57,92;330348,23;537,85;6,67;0,04;NA;NA;13,64;0,50;0,33;62,50
14;LOS RÍOS;142;RANCO;14203;LAGO RANCO;RURAL;9896;9,76;30,37;83,16;14,73;46,92;14,17;94,06;738,37;942,39;13,49;49,75;0,97;1,94;46,96;174533,73;831,73;5,56;0,01;NA;NA;49,06;0,50;0,29;93,75
14;LOS RÍOS;142;RANCO;14204;RÍO BUENO;MIXTA;31372;11,29;26,21;29,82;15,56;66,49;47,06;92,05;436,99;773,83;24,20;59,87;0,61;0,91;43,61;1073690,88;685,16;5,43;0,08;NA;NA;7,28;0,00;0,03;92,86
15;ARICA Y PARINACOTA;151;ARICA;15102;CAMARONES;RURAL;1255;83,14;227,22;400,61;22,62;20,44;NA;77,68;322,84;1049,23;224,28;75,63;NA;0,00;54,84;NA;NA;0,00;NA;NA;4,04;NA;0,33;1,61;100,00
15;ARICA Y PARINACOTA;152;PARINACOTA;15201;PUTRE;RURAL;2765;45,43;125,22;318,50;NA;45,90;NA;90,54;433,75;670,35;84,32;87,70;3,94;3,94;34,62;860760,01;NA;0,00;NA;1,13;2,37;57,18;0,17;NA;83,33
15;ARICA Y PARINACOTA;152;PARINACOTA;15202;GENERAL LAGOS;RURAL;684;22,68;227,39;484,92;NA;19,75;NA;85,45;246,91;370,37;96,48;93,01;NA;0,00;22,37;NA;NA;0,00;NA;1,13;NA;25,93;0,33;NA;88,89
16;ÑUBLE;161;DIGUILLÍN;16102;BULNES;RURAL;21493;8,90;13,71;15,66;12,40;75,57;50,46;92,20;480,92;1275,09;15,80;60,35;0,44;1,32;42,48;737114,95;655,07;4,65;0,05;0,70;NA;30,31;0,50;0,09;NA
16;ÑUBLE;161;DIGUILLÍN;16103;CHILLÁN VIEJO;MIXTA;30907;6,11;8,82;12,30;12,02;85,33;NA;95,56;408,03;1355,25;7,03;58,22;0,29;2,04;47,71;152438,35;655,07;29,63;NA;0,70;NA;21,68;0,17;0,06;NA
16;ÑUBLE;161;DIGUILLÍN;16104;EL CARMEN;RURAL;12044;12,94;22,24;23,25;41,76;43,32;26,14;93,03;715,04;885,67;18,50;74,47;0,81;1,63;10,37;277928,09;655,07;7,32;0,03;0,70;NA;17,06;0,17;0,16;0,00
16;ÑUBLE;161;DIGUILLÍN;16105;PEMUCO;RURAL;8448;10,72;17,45;29,13;21,39;72,34;40,01;95,51;498,20;1587,30;14,27;48,91;1,16;3,48;36,74;77057,61;655,07;12,00;0,02;0,70;NA;38,12;0,33;0,12;NA
16;ÑUBLE;161;DIGUILLÍN;16106;PINTO;RURAL;10827;11,00;22,63;46,94;22,80;60,62;14,49;95,91;568,32;869,20;14,01;62,51;NA;2,51;39,84;NA;655,07;0,00;0,03;0,70;NA;22,48;0,33;0,17;NA
16;ÑUBLE;161;DIGUILLÍN;16107;QUILLÓN;MIXTA;17485;8,41;11,08;28,15;13,71;59,55;35,72;92,95;607,69;1178,40;8,98;80,51;NA;1,59;28,56;NA;655,07;34,38;NA;0,70;NA;11,89;0,17;0,37;NA
16;ÑUBLE;161;DIGUILLÍN;16108;SAN IGNACIO;RURAL;16079;7,25;10,97;26,14;27,44;56,66;12,97;96,29;583,28;679,49;9,99;80,06;NA;1,80;25,72;NA;655,07;6,45;NA;0,70;NA;NA;0,17;0,36;NA
16;ÑUBLE;161;DIGUILLÍN;16109;YUNGAY;MIXTA;17787;8,78;10,54;17,10;29,76;78,20;33,64;86,27;391,00;1130,16;20,77;75,37;1,07;1,07;27,26;710434,25;655,07;9,38;0,02;0,70;NA;16,60;0,33;0,21;NA
16;ÑUBLE;162;ITATA;16201;QUIRIHUE;MIXTA;11594;11,37;13,33;15,40;16,00;72,07;64,08;91,57;409,37;695,92;21,92;78,85;0,82;1,64;27,31;535742,72;655,07;7,14;NA;NA;1,47;10,64;0,33;0,41;0,00
16;ÑUBLE;162;ITATA;16202;COBQUECURA;RURAL;5012;12,69;25,99;46,89;50,96;44,70;17,25;92,48;474,83;930,67;20,98;81,57;NA;1,90;17,44;NA;655,07;0,00;NA;NA;NA;20,51;0,17;0,38;0,00
16;ÑUBLE;162;ITATA;16203;COELEMU;RURAL;15995;6,53;11,27;10,15;26,06;65,88;43,50;88,40;367,49;865,39;14,88;77,24;0,59;1,19;34,19;785625,47;655,07;9,68;NA;NA;NA;28,45;0,33;0,12;0,00
16;ÑUBLE;162;ITATA;16204;NINHUE;RURAL;5213;11,43;14,08;47,12;22,55;29,58;21,79;94,25;351,72;296,19;13,02;84,67;NA;3,70;17,86;NA;655,07;5,56;0,19;NA;28,69;24,25;0,50;0,56;NA
16;ÑUBLE;162;ITATA;16205;PORTEZUELO;RURAL;4862;10,97;14,08;44,54;14,98;56,98;NA;96,46;203,05;467,01;11,76;83,84;NA;2,03;10,81;NA;NA;0,00;0,08;NA;3,86;41,22;0,17;0,20;NA
16;ÑUBLE;162;ITATA;16206;RÁNQUIL;RURAL;5755;9,31;15,82;34,27;19,11;62,91;17,53;93,60;334,66;1003,98;14,11;65,74;NA;1,59;40,84;NA;655,07;29,41;NA;NA;NA;43,51;0,17;0,32;NA
16;ÑUBLE;162;ITATA;16207;TREGUACO;RURAL;5401;13,83;21,20;26,07;32,18;50,83;NA;96,51;437,22;629,59;17,02;81,04;NA;1,75;19,15;NA;NA;4,17;NA;NA;8,74;20,46;0,33;0,17;NA
16;ÑUBLE;163;PUNILLA;16301;SAN CARLOS;MIXTA;53024;6,45;9,53;12,68;20,05;81,44;52,69;90,56;621,25;1139,84;9,87;53,71;0,53;0,71;27,63;1433498,99;523,17;11,90;0,04;NA;NA;22,97;0,17;0,09;NA
16;ÑUBLE;163;PUNILLA;16302;COIHUECO;RURAL;26881;16,75;21,39;50,04;12,94;75,11;22,75;94,69;444,54;679,06;18,41;80,01;0,35;0,70;24,67;107569,28;655,07;5,88;0,03;NA;NA;9,56;0,17;0,07;0,00
16;ÑUBLE;163;PUNILLA;16303;ÑIQUÉN;RURAL;11152;11,02;17,94;29,05;24,54;74,22;NA;97,32;406,40;881,97;11,45;75,53;NA;1,73;27,09;NA;NA;3,23;0,00;NA;NA;19,37;0,00;0,09;NA
16;ÑUBLE;163;PUNILLA;16304;SAN FABIÁN;RURAL;4308;12,73;17,94;58,01;34,41;84,62;NA;93,53;916,26;767,10;12,55;72,86;NA;2,13;17,27;NA;NA;6,67;0,02;NA;NA;22,37;0,17;0,64;NA
16;ÑUBLE;163;PUNILLA;16305;SAN NICOLÁS;RURAL;11603;12,45;15,95;30,94;11,44;68,75;NA;91,37;424,11;774,81;13,28;49,22;NA;0,82;33,75;NA;NA;0,00;0,17;NA;0,98;9,38;0,17;0,08;NA
